{
  "id": "player",
  "position": {
    "x": 1.5837428056358027,
    "y": 1.086104466233025,
    "z": 5.350662207796004
  },
  "rotation_euler": {
    "x": -0.4164802545860589,
    "y": -0.3151505053479463,
    "z": -0.13626325701243602
  }
}