{"id":"player","position":{"x":-2.2825886040771826,"y":2.6013202530474877,"z":3.093408229550892},"rotation_euler":{"x":-0.8006059148857765,"y":-0.26676141502518397,"z":-0.2653431733424}}