{
  "id": "player",
  "position": {
    "x": -0.855027318811718,
    "y": 0.9374410411601911,
    "z": 4.848480811870308
  },
  "rotation_euler": {
    "x": 0.5872262828371302,
    "y": -0.6392227007723715,
    "z": 0.3779571541790495
  }
}