{
  "id": "player",
  "position": {
    "x": 1.5005634851089291,
    "y": 1.923924999267156,
    "z": 2.998962660508967
  },
  "rotation_euler": {
    "x": -0.4841025389813206,
    "y": -0.07051166482171645,
    "z": -0.03702995624171484
  }
}