{"id":"player","position":{"x":3.425444299946932,"y":2.7164522265548454,"z":4.562382354445585},"rotation_euler":{"x":-0.3693907399581714,"y":0.18494891322010054,"z":0.07107780332663746}}