{
  "id": "player",
  "position": {
    "x": 0.5304821765150961,
    "y": -0.9731205350500066,
    "z": 6.454715023982084
  },
  "rotation_euler": {
    "x": -0.5104548832907795,
    "y": -0.4091818829296458,
    "z": -0.2192037455979192
  }
}