{"id":"player","position":{"x":-2.305853799297532,"y":2.087903488751106,"z":6.446418262400654},"rotation_euler":{"x":-0.24783181942811297,"y":-0.26819444852484214,"z":-0.06695138996762201}}