{"id":"player","position":{"x":4.122275213318871,"y":1.6003578860783252,"z":-10.078255495675304},"rotation_euler":{"x":-2.770351669344671,"y":0.2736463218953047,"z":3.036774570863219}}