{
  "id": "player",
  "position": {
    "x": 0.08500309108811473,
    "y": 2.368775001466274,
    "z": 7.344560165038088
  },
  "rotation_euler": {
    "x": -0.17008540788406765,
    "y": -0.03153855841544168,
    "z": -0.005415630904032548
  }
}