{"id":"player","position":{"x":16.77640422015383,"y":29.41577050071975,"z":-17.9263893183169},"rotation_euler":{"x":-2.593668280422897,"y":0.4707413713983034,"z":2.871573738472512}}