{"id":"player","position":{"x":-0.4113302030029151,"y":2.0419896060164735,"z":5.232065962227049},"rotation_euler":{"x":-0.2997756573084771,"y":-0.17980800499104882,"z":-0.055221746198059446}}