{"id":"player","position":{"x":7.756375996597584,"y":4.619274358489401,"z":-7.882310483399039},"rotation_euler":{"x":-2.941026668755426,"y":0.529545042058098,"z":3.0392566168864152}}