{"id":"player","position":{"x":-3.017552009033559,"y":2.6013202530474793,"z":31.423385488126907},"rotation_euler":{"x":-0.5682873901796486,"y":-0.1046729487403696,"z":-0.06661871815080646}}