{"id":"player","position":{"x":-0.3338278716432432,"y":0.8024646062056123,"z":-0.5590908516957985},"rotation_euler":{"x":-3.0401648339844036,"y":-0.1114566550423541,"z":-3.1302728767979757}}