{"id":"player","position":{"x":4.8701182596179615,"y":2.299559976957942,"z":-0.5059329972142105},"rotation_euler":{"x":-1.7667095071679837,"y":0.97508903882584,"z":1.8061109360800114}}