{"id":"player","position":{"x":-1.124679950422186,"y":0.8547854457337901,"z":3.8970958951879324},"rotation_euler":{"x":-0.25560675956115375,"y":-0.07878074304912505,"z":-0.020563021809319574}}