{"id":"player","position":{"x":1.8409264346816703,"y":1.5759952530241892,"z":3.2417181121650107},"rotation_euler":{"x":-0.5510988033336762,"y":-0.03137589885090177,"z":-0.019278641884766225}}