{"id":"player","position":{"x":1.9898540768034463,"y":1.5759952530242793,"z":2.522304676971908},"rotation_euler":{"x":-0.8458827897860991,"y":0.7114922144155812,"z":0.6352248323851176}}