{"id":"player","position":{"x":-1.2205885296256278,"y":0.8563599762263381,"z":0.6307897727409142},"rotation_euler":{"x":-0.7232043926574415,"y":0.8844023442525847,"z":0.5991172984342009}}