{"id":"player","position":{"x":1.6853285657430543,"y":1.3740567210115135,"z":3.4766149479313944},"rotation_euler":{"x":-0.20181170802937026,"y":-0.629038918505183,"z":-0.11980178018197168}}