{"id":"player","position":{"x":-2.855114356342532,"y":6.821886560489439,"z":5.92630648141799},"rotation_euler":{"x":-0.44553329204692205,"y":-0.0555681269631384,"z":-0.026517126831546042}}