{
  "id": "player",
  "position": {
    "x": 2.348788833567262,
    "y": 2.93232696825802,
    "z": 4.269171223263363
  },
  "rotation_euler": {
    "x": -1.262553202274801,
    "y": 1.0085729917343942,
    "z": 1.2108713578962016
  }
}