{
  "id": "player",
  "position": {
    "x": 2.6005049983270543,
    "y": -0.5918971208573828,
    "z": 5.77078121409307
  },
  "rotation_euler": {
    "x": -0.49757718413027596,
    "y": -0.17601729012164363,
    "z": -0.09482750562545823
  }
}