{"id":"player","position":{"x":2.108166313678211,"y":1.6984250004888155,"z":3.580092419712097},"rotation_euler":{"x":-0.08341355156693607,"y":-0.12158905465131181,"z":-0.010140385666048947}}