{"id":"player","position":{"x":2.7875874250701864,"y":0.9261196651637137,"z":-6.311216944318829},"rotation_euler":{"x":2.962357364104479,"y":0.36668186185902163,"z":-3.076727294510477}}