{
  "id": "player",
  "position": {
    "x": 7.63806132704775,
    "y": 0.9415410396935379,
    "z": 1.8940112287492
  },
  "rotation_euler": {
    "x": -0.37253254409580455,
    "y": 0.7436317004760066,
    "z": 0.2586198174891236
  }
}