{
  "id": "player",
  "position": {
    "x": -1.244905813542281,
    "y": 1.9706794666600889,
    "z": 1.9315325792851248
  },
  "rotation_euler": {
    "x": -0.473997997502801,
    "y": 0.20965705147173222,
    "z": 0.10636609637884822
  }
}