{
  "id": "player",
  "position": {
    "x": -0.1932469332460104,
    "y": 0.83904103969387,
    "z": 1.9390999368044068
  },
  "rotation_euler": {
    "x": -0.3592916094595197,
    "y": 0.02163653884384463,
    "z": 0.008125748037370834
  }
}