{"id":"player","position":{"x":5.266956662904504,"y":1.575995253024159,"z":-2.4396795744991917},"rotation_euler":{"x":-1.717844710493255,"y":1.3273200996355965,"z":1.7222465477512083}}