{
  "id": "player",
  "position": {
    "x": 4.595675906835843,
    "y": 1.2972544661719767,
    "z": 10.81640059205925
  },
  "rotation_euler": {
    "x": -0.33984130623468023,
    "y": 0.07691046635878633,
    "z": 0.02715885694153746
  }
}