{
  "id": "player",
  "position": {
    "x": 1.6701090002803387,
    "y": 2.8931794660497103,
    "z": 3.6969428148642955
  },
  "rotation_euler": {
    "x": -0.43692039080785683,
    "y": -0.09543366939716298,
    "z": -0.04447282925922804
  }
}