{"id":"player","position":{"x":-2.1368735125726275,"y":1.4667952530396646,"z":2.40301814264583},"rotation_euler":{"x":-0.4688728839398075,"y":-0.3920578116179818,"z":-0.19118376971520706}}