{
  "id": "player",
  "position": {
    "x": -0.7600020449846167,
    "y": 2.4852294659275063,
    "z": 5.018996743043363
  },
  "rotation_euler": {
    "x": -0.5493539851128144,
    "y": -0.5181617060810679,
    "z": -0.2944093413335496
  }
}