{"id":"player","position":{"x":2.376896357151045,"y":1.9094284234491177,"z":2.5025976712426306},"rotation_euler":{"x":-0.36490890346067123,"y":0.02428026648073535,"z":0.009274313428441225}}