{
  "id": "player",
  "position": {
    "x": -1.0831173004930388,
    "y": 1.6284923363546504,
    "z": 4.517134980985795
  },
  "rotation_euler": {
    "x": -0.20203142929979576,
    "y": -0.4085294214257423,
    "z": -0.0811902733766951
  }
}