{
  "id": "player",
  "position": {
    "x": 3.4118939427606922,
    "y": -0.44832053364476754,
    "z": 2.3270011802605657
  },
  "rotation_euler": {
    "x": -0.5160533769875163,
    "y": -0.13634084267797147,
    "z": -0.07695896882055268
  }
}