{"id":"player","position":{"x":12.597824170585875,"y":61.5235631582718,"z":35.10389698363045},"rotation_euler":{"x":-0.6547964627659704,"y":-0.0005951329219417716,"z":-0.0004569433231732203}}