{"id":"player","position":{"x":-2.172451343623231,"y":0.9913879513090025,"z":3.8439710636696245},"rotation_euler":{"x":-0.20765179066669953,"y":-0.34569232295900354,"z":-0.07127057941411208}}