{
  "id": "player",
  "position": {
    "x": 4.6716829994931715,
    "y": 2.9323269682579727,
    "z": 7.013805055387027
  },
  "rotation_euler": {
    "x": -0.3594325923320555,
    "y": 0.39397495313531194,
    "z": 0.14325012195721262
  }
}