{"id":"player","position":{"x":7.756375996597584,"y":4.619274358489401,"z":-7.882310483399039},"rotation_euler":{"x":-3.088982426114375,"y":0.5517981563184624,"z":3.113994889481341}}