{
  "id": "player",
  "position": {
    "x": 1.19854589166762,
    "y": 2.8931794660497103,
    "z": 2.170329517300744
  },
  "rotation_euler": {
    "x": -0.4276632432779217,
    "y": -0.1122553237964086,
    "z": -0.05101381453469891
  }
}