{"id":"player","position":{"x":0.33446034690694537,"y":2.093860722905925,"z":3.14089976503429},"rotation_euler":{"x":-0.36606861390563933,"y":0.15810665006136468,"z":0.07130551348992699}}