{
  "id": "player",
  "position": {
    "x": -0.2942528849433445,
    "y": 4.344541039693914,
    "z": 7.5964566223962455
  },
  "rotation_euler": {
    "x": -0.5309860071239731,
    "y": -0.2473589302392605,
    "z": -0.14280410798611912
  }
}