{"id":"player","position":{"x":1.5892685367177533,"y":2.0419896060164744,"z":4.651949132614902},"rotation_euler":{"x":-0.4142873518921557,"y":-0.266670732372126,"z":-0.11536578525674329}}