{
  "id": "player",
  "position": {
    "x": 0.17082539243222505,
    "y": 2.6697294659275688,
    "z": 2.5300594663558362
  },
  "rotation_euler": {
    "x": -0.60414120406134,
    "y": 0.09854461782371872,
    "z": 0.06780466765420588
  }
}