{"id":"player","position":{"x":1.2500842519843551,"y":0.8024646062051075,"z":2.5729118629190335},"rotation_euler":{"x":-0.12756432059372666,"y":-0.1094900170835699,"z":-0.01401431685706071}}