{"id":"player","position":{"x":0.08234061792760211,"y":1.3324999987781496,"z":4.15448472992683},"rotation_euler":{"x":-0.17588504083950565,"y":-0.3213209333137431,"z":-0.05606919317826175}}