{"id":"player","position":{"x":8.304896807255044,"y":1.7099341982613971,"z":-13.712778451891635},"rotation_euler":{"x":-2.6928356043070036,"y":0.3793402263569707,"z":2.9651355445660004}}