{
  "id": "player",
  "position": {
    "x": 6.233581308456533,
    "y": 1.975760278966493,
    "z": 3.806208552893218
  },
  "rotation_euler": {
    "x": 0.22085485872838648,
    "y": 0.944293297182189,
    "z": -0.17991093719689785
  }
}