{"id":"player","position":{"x":1.8594568927740993,"y":1.5759952530241892,"z":2.1866513901824542},"rotation_euler":{"x":-0.5067976726337489,"y":-0.3638948845252002,"z":-0.195078567930655}}