{"id":"player","position":{"x":1.5700551402176819,"y":4.852203423693482,"z":5.342309047476125},"rotation_euler":{"x":-0.48923538635201597,"y":-0.04061820549435715,"z":-0.021616079216191457}}