{
  "id": "player",
  "position": {
    "x": 2.3934369513849476,
    "y": 0.8390410396937672,
    "z": 2.8564281293251597
  },
  "rotation_euler": {
    "x": -0.29339414196580516,
    "y": 0.5494725512307823,
    "z": 0.15648476186307128
  }
}