{
  "id": "player",
  "position": {
    "x": 5.4068246133911115,
    "y": 2.5170677192747988,
    "z": 5.349229638578864
  },
  "rotation_euler": {
    "x": -0.22556684140267946,
    "y": 0.3299810360645429,
    "z": 0.07421810576799659
  }
}