{"id":"player","position":{"x":3.4877350616460716,"y":1.2350357281136544,"z":-9.506507563974056},"rotation_euler":{"x":-3.1277551846028535,"y":0.39038274440638704,"z":3.136326622620871}}