{"id":"player","position":{"x":5.406851026999647,"y":1.7939522253326432,"z":4.570010525234945},"rotation_euler":{"x":-0.13215392137194984,"y":0.2252619338356158,"z":0.029682452720294853}}