{"id":"player","position":{"x":-0.9090338984291896,"y":2.7417427896339595,"z":3.0191497602869446},"rotation_euler":{"x":-0.41404665533377283,"y":-0.3275705569740661,"z":-0.14045948212383297}}