{"id":"player","position":{"x":-2.066648658947373,"y":1.5759952530240342,"z":4.894085214643522},"rotation_euler":{"x":-0.6592569515917557,"y":-0.435481682744259,"z":-0.3159455360711616}}