{
  "id": "player",
  "position": {
    "x": 0.9724041922171637,
    "y": 0.5543621482877498,
    "z": 3.0094655527857403
  },
  "rotation_euler": {
    "x": -0.12136429677678841,
    "y": -0.05132321363928075,
    "z": -0.006256739650357811
  }
}