{"id":"player","position":{"x":3.652473640502237,"y":0.6510804830807377,"z":-9.046061749928347},"rotation_euler":{"x":-2.97739525182874,"y":0.4348495246121182,"z":3.0719051738212144}}