{"id":"player","position":{"x":3.514275072618211,"y":0.8825411149317579,"z":-10.36598463848311},"rotation_euler":{"x":-2.8774715779069857,"y":0.09903032739944682,"z":3.1148611009279032}}