{"id":"player","position":{"x":-1.6504683162724703,"y":15.81432849475112,"z":36.14232734532587},"rotation_euler":{"x":-0.3197466582885983,"y":-0.20537372845580779,"z":-0.06742157318600824}}