{"id":"player","position":{"x":2.375304352789935,"y":1.33249999877817,"z":4.2435366711157165},"rotation_euler":{"x":-0.20105374788113406,"y":-0.14899269120104885,"z":-0.030244352854978257}}