{"id":"player","position":{"x":3.8928618618712907,"y":1.2341650218625433,"z":-9.126522464719185},"rotation_euler":{"x":-2.968029069121865,"y":0.41363106217176937,"z":3.0712383158888135}}