{
  "id": "player",
  "position": {
    "x": -1.0749387688257117,
    "y": 1.1644000002451222,
    "z": -2.9551375035301453
  },
  "rotation_euler": {
    "x": -2.7564707640740025,
    "y": 0.10719303061240879,
    "z": 3.098250790389926
  }
}