{
  "id": "player",
  "position": {
    "x": 3.7288234660412285,
    "y": 2.368775001466274,
    "z": 3.9756213129854334
  },
  "rotation_euler": {
    "x": -0.3703447833674717,
    "y": -0.18114315159983396,
    "z": -0.06983288356323297
  }
}