{
  "id": "player",
  "position": {
    "x": 4.681500299047361,
    "y": 3.1471772909310234,
    "z": -0.202788471755566
  },
  "rotation_euler": {
    "x": -1.8536368706851727,
    "y": 0.9816753072453549,
    "z": 1.9070767656049739
  }
}