{"id":"player","position":{"x":3.9505149905699164,"y":0.8825411149317496,"z":-10.8214071702712},"rotation_euler":{"x":-3.041246500019226,"y":0.1756933823880536,"z":3.123995767989137}}