{"id":"player","position":{"x":7.756375996597584,"y":4.619274358489401,"z":-7.882310483399039},"rotation_euler":{"x":3.037003729420921,"y":0.4701997459130423,"z":-3.0940694077446755}}