{"id":"player","position":{"x":3.499463539178427,"y":1.2786683554429756,"z":-11.257214939010092},"rotation_euler":{"x":-3.0291785629408636,"y":0.16950736875204228,"z":3.122550770528427}}