{"id":"player","position":{"x":-0.1493157770111374,"y":1.7823311631073482,"z":-5.89808259894949},"rotation_euler":{"x":-3.0129415522856298,"y":0.5005441172355558,"z":3.0795892929527446}}