{"id":"player","position":{"x":3.84247227720741,"y":4.619274358489504,"z":-5.942284924180703},"rotation_euler":{"x":-2.8571238353609334,"y":0.25811096884583523,"z":3.06709462548931}}