{
  "id": "player",
  "position": {
    "x": 6.996761772835252,
    "y": 1.6284923363556703,
    "z": 9.104060219822246
  },
  "rotation_euler": {
    "x": 0.4586734659694579,
    "y": 0.2704951403642123,
    "z": -0.13118916173390704
  }
}