{"id":"player","position":{"x":2.1119766782182543,"y":1.5759952530242685,"z":2.180477701490988},"rotation_euler":{"x":-0.5349327467155626,"y":0.1441699464807343,"z":0.08492926963975507}}