{"id":"player","position":{"x":2.1534346970910088,"y":0.8024646062050895,"z":1.9011982677734238},"rotation_euler":{"x":-0.17008592516656224,"y":-0.24888748112419543,"z":-0.0422800947426515}}