{"id":"player","position":{"x":3.5048678423042667,"y":2.2995599769559947,"z":-4.868694107496093},"rotation_euler":{"x":-2.869407410766387,"y":0.09981348115207804,"z":3.1137868989398374}}